CustomerID,slope,resid_std,decline_level,revenue_mean,revenue_std,cv,active_months,cluster
12347,14.558472222222209,23.792478164702548,1,331.5384615384615,400.2888022800154,1.2073676170858934,7,1
12362,81.97722222222224,73.36464794692684,0,396.50615384615384,462.87561010020937,1.1673856902604522,8,1
12388,34.67111111111112,8.36190135593328e-14,1,213.8969230769231,320.0322195858988,1.4961983322724406,6,1
12395,1.958333333333328,48.830258269831894,2,230.63692307692307,258.46374805068945,1.120652082080047,8,1
12415,-7.826666666666715,6497.428051449966,2,9517.342307692308,8441.19112705582,0.8869273431757625,10,2
12417,7.804305555555564,29.580774711853437,2,275.2923076923077,275.9806924754534,1.0025005594559333,8,1
12423,-26.519583333333337,38.375546322306484,3,142.23923076923077,134.88066265292557,0.9482662548404542,8,1
12431,14.697361111111084,113.70660646469572,1,493.56846153846163,453.28641315115095,0.918386097317177,8,0
12437,13.094166666666682,116.12371256955538,1,376.66615384615386,404.2260350459558,1.0731679258101288,10,0
12471,108.9427777777777,803.6524177283177,0,1441.6092307692306,1097.1282690161433,0.7610441481640103,12,0
12472,4.5388888888888905,142.04762623808426,2,479.19076923076926,588.9771613634032,1.2291079027020297,7,1
12474,40.295555555555545,135.62697146728664,1,547.4207692307692,542.6620614535584,0.9913070383063878,9,0
12476,52.35638888888891,15.420665453837637,0,503.58307692307693,643.3403307657181,1.2775257157102389,8,1
12481,-33.46833333333333,167.9465783977848,3,430.0661538461539,482.12722941388375,1.121053645124451,7,1
12483,3.662777777777776,88.73816388408902,2,179.01000000000002,194.68316658098615,1.0875546985139721,7,1
12490,64.20222222222223,70.1446133080949,0,416.7638461538462,450.7945642148328,1.0816546789627821,8,1
12494,-5.707083333333334,6.760408640958513,2,87.6423076923077,129.0669399416343,1.4726556538739157,6,1
12500,44.450833333333314,51.48727220953986,1,323.5592307692308,503.8001108320233,1.5570568320189389,7,1
12523,20.966388888888897,2.6625609416698133,1,134.2746153846154,125.71402087114127,0.9362456225329471,9,1
12524,-40.83722222222219,80.18191335799382,3,345.05538461538464,465.11303904920766,1.3479373450950347,7,1
12528,13.694583332523566,101.0897047357301,1,147.86769230769232,177.60407803847704,1.2011013039204492,6,1
12540,34.27486111111109,22.885543343946285,1,1023.7723076923078,791.2733697460258,0.7728997588630235,11,0
12553,3.2527777777777667,38.41576208652966,2,280.9423076923077,262.69758767303284,0.9350588376341782,8,1
12562,57.06569444444448,50.778642708918525,0,290.9030769230769,289.8343188899656,0.9963260683097073,7,1
12567,10.58472222222226,267.71218218195645,1,701.1492307692307,768.3698508038684,1.0958720584502246,7,1
12569,33.30055555555554,30.533472298794727,1,312.69153846153847,286.61427426787833,0.916603869992895,9,1
12583,16.711805555555582,43.77555273213055,1,552.8723076923077,324.9716717437036,0.5877879344330652,12,0
12584,21.30430555555555,5.293226622059162,1,145.68846153846155,192.51212740353765,1.3213958426811632,7,1
12594,-6.020000000000003,11.914960213972343,2,255.40153846153848,272.46226475257555,1.066799622248972,9,1
12599,-0.8172222222222184,37.24257117160643,2,79.42923076923077,102.49700666048241,1.2904192281336762,6,1
12600,3.4033333333333466,38.10790347764909,2,198.54153846153847,157.31537744533824,0.7923549835684054,9,1
12619,35.580078602863445,239.46043248997964,1,247.2930769230769,317.75314961419906,1.2849253750562515,6,1
12621,-46.04638888888892,168.35150954099706,3,1047.0823076923077,579.1189099277432,0.5530786889180456,12,0
12626,90.01416666666664,225.9682189183394,0,491.4115384615385,645.5105201679024,1.313584378154411,6,1
12637,0.06988051335868056,698.8151191411473,2,457.9423076923077,781.3892018402636,1.7063048963042753,6,1
12647,-7.181944444444463,158.18662844597648,2,282.3015384615385,320.1192723253359,1.1339621954237058,8,1
12662,19.95180555555555,69.46649231826336,1,293.6215384615385,189.5054252893636,0.6454070988194448,10,0
12664,50.32555555555557,123.42079365031908,0,374.1446153846154,396.82754383181333,1.0606260988785852,7,1
12676,-5.6933333333333405,33.71190442291304,2,102.41461538461539,147.6982441001125,1.442159827925298,6,1
12678,219.33055555555543,496.09057345270287,0,1352.943076923077,2479.2606613813473,1.8324944365137605,9,0
12681,-54.94791666666669,96.83539999784438,3,1052.1223076923077,951.7873612503464,0.9046356628802664,10,0
12682,32.441111111111056,19.65580145168129,1,945.2476923076922,521.3977090659594,0.5515990288143826,13,0
12683,-27.975277777777716,72.36618759380067,3,632.3915384615383,543.0398949869484,0.8587083506968457,9,0
12705,27.603888888888864,120.1480624928501,1,524.1723076923076,516.7212238263144,0.9857850486249512,7,1
12708,-3.87027777777777,37.16768664512201,2,201.25538461538463,153.79846616136894,0.7641955342228,9,1
12709,36.49749999999991,157.60141973900525,1,714.9307692307692,597.176864762603,0.8352932765855585,10,0
12712,-12.021944444444452,110.51292008518243,3,326.27923076923076,264.6272847944677,0.8110454477000776,10,0
12720,25.80666666666667,64.8638674404497,1,439.48307692307696,192.5077790802498,0.4380322910908002,13,0
12721,0.1743055555555558,127.95962800557193,2,202.2292307692308,245.146248916218,1.2122196577801405,6,1
12726,3.2122222222222296,75.13414157274487,2,200.7,239.13231358392366,1.191491348200915,7,1
12727,-22.056111111111107,219.96081579369695,3,303.66923076923075,356.0857510596181,1.1726105742014428,6,1
12731,46.71111111111107,228.43386129036492,1,1445.646923076923,1209.3889185823325,0.8365728168315555,10,0
12747,-6.366805555555537,54.384193984096235,2,322.77000000000004,274.8716001153993,0.8516020699426814,9,0
12748,277.0529166666669,171.3233158420369,0,2236.3153846153846,2465.0665679233875,1.1022893214801834,13,0
12766,-22.954444444444427,259.00616260289223,3,537.6638461538462,545.4436013854298,1.014469552467096,7,1
12779,-52.0375,49.36554395914681,3,297.59230769230766,351.85128383437427,1.1823265411758126,7,1
12826,-0.9666666666666696,9.396621323309688,2,112.93230769230769,162.92044245345875,1.4426380349664631,6,1
12839,69.13166666666666,121.5320394823222,0,429.50923076923084,333.746539993589,0.7770416002372397,10,0
12841,-1.8988888888888815,35.7143721311272,2,298.18461538461537,131.85793545930312,0.44220234263000224,13,0
12867,2.4722222222222214,121.10214683028168,2,306.6323076923076,330.9240052276314,1.079220933104347,7,1
12877,-2.2194444444444477,42.13780040290561,2,118.13615384615386,85.64954149891499,0.7250070254568683,11,1
12901,-10.010555555555595,205.53861069298603,3,1253.3153846153843,1017.6774050390051,0.8119882812667367,10,0
12910,21.94555555555557,1.0038280196959152e-13,1,236.5415384615385,279.36726191658397,1.1810494838817027,6,1
12921,150.7536111111111,64.24260322072666,0,1260.749230769231,1111.648820749772,0.881736663897477,11,0
12931,718.7197222222222,24.545483681018037,0,2574.0623076923075,5866.596876395709,2.2791199959938875,8,1
12935,7.238888888888881,47.673708360794045,2,165.8807692307692,190.57045239060272,1.148839936505755,6,1
12939,-56.78000000000004,230.4113675080358,3,890.9076923076923,1178.082582661008,1.3223396686692142,6,1
12955,73.5486111111111,32.04780383436939,0,364.17384615384617,508.6599966830899,1.3967504862175226,8,1
12957,32.54527777777781,164.04426251765005,1,306.08,437.9224069779182,1.4307449260909506,6,1
12971,35.35541666666667,82.68499799326155,1,840.7892307692309,513.7146346702214,0.6109909783219133,13,0
12980,-94.10625,412.32668357786906,3,545.5430769230769,605.9950793307459,1.110810685654055,7,1
12989,7.736527777777787,37.50189351332122,2,527.27,433.89342209041763,0.8229055741658309,11,0
13001,-156.80513888888893,57.13273345617412,3,753.6861538461538,723.9772241760379,0.9605818290298852,9,0
13004,6.881527777777785,139.02312341840616,2,431.80230769230764,278.0348401475927,0.643893826398246,11,0
13013,18.306388888888904,252.86563143116618,1,368.22999999999996,420.79577732751386,1.1427525658624065,9,1
13014,9.708888888888909,122.35299577267031,2,258.8792307692308,352.4829276353097,1.3615728329690486,6,1
13018,-6.783611111111104,49.6290265523328,2,559.4423076923077,514.6257357237693,0.9198906279480251,10,0
13021,17.689166666666658,46.101133304620326,1,198.79999999999998,229.74520183600498,1.155659968993989,7,1
13047,-16.485972222222237,101.2979630761221,3,236.85384615384615,248.927983077384,1.0509771621597195,7,1
13050,3.6987499999999827,1.3493082272107508,2,437.27769230769235,338.5212598482269,0.774156253116212,10,0
13069,-22.139722222222222,46.53657295862258,3,285.9861538461538,183.60043030716014,0.6419906273012362,12,0
13078,83.09652777777782,20.247943911104375,0,956.329230769231,456.20361454547793,0.4770361501744822,13,0
13081,21.046527777777793,326.0153330520734,1,2151.113846153846,2789.514235703469,1.2967766632580007,7,0
13082,-15.942499999999997,79.14185049015407,3,276.5753846153846,418.79291027140096,1.5142089049384817,6,1
13089,24.325416666666616,430.7898796077607,1,4414.298461538461,1144.858674639554,0.259352348875964,13,0
13090,64.13166666666667,41.63857022634256,0,668.4146153846153,670.6536915529427,1.0033498312526261,10,0
13094,0.3333333333333347,47.51007180292062,2,131.45076923076925,132.42867630423672,1.0074393408208262,9,1
13097,-24.366666666666667,216.27760649105377,3,453.3323076923077,358.0755733350584,0.7898743752851972,9,0
13098,307.2448611111111,332.8742009778543,0,2204.5292307692307,1603.0518524492668,0.7271628926824938,12,0
13102,-32.693749999999966,97.51213423718549,3,487.4069230769231,251.06842803588478,0.5151105085888591,12,0
13104,15.338333333333342,61.18897864074925,1,84.49846153846154,110.00957972271884,1.3019122208828062,6,1
13113,-164.83805555555554,114.33757793785206,3,808.4615384615386,861.8060243740675,1.0659827133076,11,0
13117,-8.993194444444443,53.82672028693415,2,75.76230769230769,107.54801564524921,1.4195451395439582,7,1
13126,-3.465277777777776,82.21766307797893,2,158.17615384615385,192.90516264641815,1.219559067253858,6,1
13137,33.49750000001219,265.75045184666413,1,277.31384615384616,349.1847211133018,1.2591680002865189,7,1
13138,7.925138888888887,26.796179727023805,2,74.03,87.20040577122715,1.1779063321792131,6,1
13148,11.23736111111111,69.33891127314163,1,257.5753846153847,374.68899671628526,1.454677034747619,6,1
13178,1.3983333333333723,65.65708872098891,2,440.42076923076917,413.43290053045564,0.9387225340270623,8,1
13183,19.14138888888891,59.49991654337743,1,304.4446153846154,278.8457168583667,0.9159160739502364,8,1
13184,0.7641666666666728,48.16461803441442,2,126.83,167.2086520389022,1.3183683043357421,6,1
13198,-16.186388888888892,51.808998323325,3,260.3146153846154,328.4236260181704,1.261641131954592,6,1
13199,54.06638888888888,73.3785154518314,0,754.1507692307691,690.8198504972374,0.9160235309470957,13,0
13209,37.73069444444446,42.275088701460575,1,447.70461538461535,708.1916145909403,1.5818278173937184,6,1
13225,-19.926666666666677,356.38378204250375,3,467.9261538461539,534.7295675002218,1.1427648638678822,7,1
13230,-27.42930555555555,68.04923331702034,3,212.57,228.16474661963014,1.0733628763213536,9,1
13263,0.41722222222220867,142.3776728548121,2,573.3899999999999,394.57802506813107,0.6881494708106719,11,0
13266,13.935833333333326,93.84417918993701,1,285.9746153846154,231.92236357652766,0.8109893364647371,9,0
13267,7.7752777777777595,116.16808858524992,2,338.8030769230769,296.40191599652366,0.874850130312777,10,0
13268,-20.63027777777777,86.6635851503713,3,243.6646153846154,354.25839775074223,1.4538770727606827,6,1
13269,31.34902777777776,51.44428294433593,1,408.91692307692307,360.50800255529737,0.881616734867881,10,0
13305,18.941111111111095,48.4475151344669,1,153.9123076923077,126.28523126596173,0.8205011877180324,9,1
13319,37.637500000000024,35.22623595848768,1,820.3338461538461,553.0096511746497,0.6741275564423532,13,0
13324,-3.7341666666666486,90.15264938435102,2,544.0615384615384,802.3058633074021,1.4746601378515198,6,1
13327,19.32694444444444,21.60557264125813,1,278.2746153846154,313.34088632604227,1.1260131862655178,7,1
13381,41.22527777777778,1.1625406554043066e-13,1,278.9853846153846,321.9649979064853,1.1540568634100792,6,1
13394,8.085833333333337,41.89373231658591,2,177.90769230769232,189.14293797521873,1.0631521072629901,8,1
13408,123.89194444444456,112.29628121590468,0,2114.4161538461535,813.310931783764,0.3846503585892208,13,0
13418,0.44388888888888006,98.69225890456079,2,449.6492307692307,480.70912990535027,1.0690758418133715,9,0
13426,20.26666666666669,11.293695994249381,1,273.13076923076926,229.6082997360773,0.8406533631590967,9,1
13435,86.99152777777773,62.30531278556387,0,291.88384615384615,350.08427662822515,1.1993958598301555,6,1
13458,-62.306666666666615,9.845928482216397,3,733.6861538461537,499.4407816004226,0.6807281001314223,11,0
13468,-35.72861111111113,134.04330240718934,3,435.13461538461536,246.99092549509396,0.5676195750981079,13,0
13477,5.161388888888882,69.27096049910945,2,110.88692307692307,154.89763148526058,1.396897192086455,6,1
13488,-38.85111111111106,204.076975676048,3,685.4315384615384,505.426260675847,0.7373840162217864,10,0
13491,-20.812222222222214,27.235779632497408,3,93.5246153846154,111.25350029065638,1.189563836569996,7,1
13509,-10.260277777777782,13.604022311344176,3,75.36307692307693,131.28620411049894,1.7420494155845405,6,1
13520,1.8936111111111085,127.85284821780704,2,268.28846153846155,321.63742790721545,1.198849276121798,6,1
13534,7.073472222222236,5.515106700531617,2,431.77538461538455,276.70155070085247,0.6408460522763051,12,0
13538,4.3625000000000025,31.9507313000377,2,98.52692307692307,116.59667415101053,1.1833991208674997,7,1
13552,-11.307222222222208,74.6099498873536,3,272.27153846153846,320.1990982926652,1.176028534241735,7,1
13571,33.1225,31.814829751973296,1,160.9476923076923,185.5735227231984,1.1530051786541158,9,1
13576,18.70347222222224,154.8930960311506,1,515.6384615384616,292.77697245076484,0.5677950624110427,12,0
13588,53.82476954732649,53.91599761723291,0,188.08615384615385,232.38245639959072,1.2355107042577376,6,1
13590,4.223888888888892,4.2449982732118596e-14,2,152.00923076923075,186.98051224042655,1.2300602489350572,6,1
13599,32.879166666666656,89.30950508615562,1,386.9692307692308,521.0026537434261,1.346367132879684,9,1
13610,8.534444444444448,34.5716897269939,2,85.80230769230769,91.52109976701603,1.066650795631468,7,1
13629,34.398888888888855,215.7783763144905,1,599.4123076923078,490.1108683783335,0.8176523272690603,9,0
13630,3.706111111111106,54.69898634542906,2,153.51384615384615,182.45759569182374,1.1885416219001588,6,1
13668,-49.44736111111111,60.7854342480274,3,478.15923076923076,368.15985876748204,0.7699524239555324,12,0
13694,106.41749999999978,841.3831250725639,0,4819.469230769231,2233.2871930648985,0.4633886193954278,13,0
13695,40.80861111111113,128.70708651992615,1,192.62538461538463,221.1955043476014,1.1483195986305894,9,1
13700,2.1016666666666604,83.79855863709537,2,174.24000000000004,182.84332177213,1.0493762727968892,7,1
13709,110.31041666666668,221.9424822445543,0,480.7007692307692,627.3796579884403,1.30513553991684,6,1
13717,3.6930555555555595,50.929798512377765,2,110.17384615384616,128.78706117324452,1.1689440431570934,6,1
13728,0.7855555555555581,2.0416713574908715e-14,2,78.16461538461539,89.7136217467731,1.1477523596237234,6,1
13742,-31.674444444444426,276.66781684930197,3,238.64769230769232,316.7640094548265,1.3273290279564807,7,1
13743,13.77638888888889,38.24103152473259,1,103.08846153846154,123.07147732423313,1.1938433796328998,6,1
13756,58.57499999999999,171.1804805415213,0,395.77846153846144,370.5182943267029,0.9361759932221482,9,0
13767,75.95749999999994,270.1722775520202,0,1303.5161538461539,1027.683558888131,0.7883934202547844,12,0
13769,-2.9419444444444376,88.54679231640652,2,213.22076923076926,157.35951085870948,0.7380121149849102,9,1
13777,185.40541666666658,796.4926249461085,0,1980.6423076923077,2362.647530293625,1.1928693642045851,13,0
13784,1.6091666666666653,238.49889635007293,2,189.44538461538463,239.01230883978147,1.2616422898083715,9,1
13798,-233.36083333333343,79.10302147642152,3,2796.2630769230773,1061.1114596370528,0.3794748313898518,13,0
13842,-3.223194444444451,43.0683099819996,2,260.4323076923077,211.2262858545248,0.8110602241565275,9,1
13854,-55.75361111111113,128.08304879922215,3,617.3092307692307,318.2946138266019,0.5156161579342887,12,0
13862,5.9483333333333235,79.80749072557151,2,168.2546153846154,155.28915070578202,0.9229414025333246,8,1
13870,34.7123611111111,72.33151883153928,1,211.63461538461542,277.3482180886026,1.3105049832446465,6,1
13871,27.31250000000002,170.59527183455018,1,491.523076923077,349.94314084301885,0.7119566858053843,10,0
13880,25.06861111111113,73.2315198998433,1,247.6746153846154,220.05935190365443,0.8885018416680407,10,0
13881,221.8102777777778,359.5317056558322,0,1306.8861538461538,1218.4114583378532,0.9323011455527933,11,0
13911,-46.750989021720535,287.575624879141,3,198.53153846153847,270.48196886441286,1.36241310051004,6,1
13953,-12.22166666666665,12.297703349337368,3,270.4369230769231,274.8462403898046,1.0163044205011433,7,1
13969,126.37847222222227,95.88131566041251,0,691.2838461538462,688.7924065534121,0.996395923882359,11,0
13971,15.176388888888885,86.14771396792284,1,207.86307692307687,226.4049413250741,1.0892022993042625,7,1
13983,-13.091388888888885,8.040379343646652,3,199.26615384615386,158.85167413546836,0.7971834206129755,9,1
13985,143.89583333333337,115.13357271937195,0,540.3484615384616,609.2134075982208,1.1274454374565799,9,0
13988,23.125555555555533,157.37399265857087,1,315.2923076923077,404.1325297505313,1.281770978519788,6,1
13993,12.01444444444445,8.038873388460929e-14,1,262.2815384615385,266.20559544727064,1.0149612397759653,8,1
13999,33.77833333333336,43.15567526289819,1,297.32769230769236,221.14404676416405,0.7437721157009185,10,0
14030,-4.7694444444444475,93.81367067914708,2,181.54538461538462,241.05184869703118,1.3277773445340666,6,1
14031,39.29277777777778,172.9832561791105,1,1125.7415384615385,804.902324766243,0.7149974459201701,11,0
14032,-4.381249999999997,24.100336773583106,2,225.37230769230771,224.22046186561735,0.9948891421555529,8,1
14040,5.370277777777785,124.83527915058124,2,272.47615384615386,317.85780037459256,1.16655272723081,8,1
14051,96.47499999999994,377.1462103855666,0,1190.5646153846153,693.8728562882324,0.582809909955265,13,0
14056,25.846944444444432,50.15321823772396,1,624.9538461538461,442.06992044129663,0.7073641088248801,11,0
14057,25.43944444444446,5.4471559264995415,1,472.8769230769231,331.51826074352255,0.7010666931817993,11,0
14060,1.9849999999999917,40.98125049386781,2,471.9523076923076,261.223798372004,0.5534961777161402,13,0
14062,32.155833333333376,100.40628251076053,1,804.9884615384617,754.553489796517,0.9373469631532912,8,0
14078,-8.177777777777777,48.76092074530924,2,80.72076923076922,96.34710992565185,1.1935851311105465,6,1
14083,0.9633333333333348,128.88459058270405,2,78.34076923076923,171.9110325847616,2.1944006201721287,6,1
14085,-28.839722222222225,209.75710568494353,3,341.2146153846154,324.5658199455437,0.9512072616810237,10,0
14088,763.4049999999999,2175.2817808334416,0,3878.1146153846157,5444.734499986532,1.403964307394908,6,2
14092,9.120972222222235,54.181728412490116,2,312.54615384615386,179.87991714559936,0.5755307334037537,11,0
14099,6.922222222222219,55.70576720149795,2,237.92076923076925,170.06709707551403,0.7148055952633495,10,0
14101,-16.091324952898944,383.69341576551403,3,459.753076923077,530.8747160643557,1.1546952977830278,6,1
14107,-11.658194444444451,52.00730364345976,3,206.80615384615385,225.23698155270677,1.0891212730558486,7,1
14110,48.6436111111111,60.184971285661256,1,436.12692307692305,377.40262910638324,0.8653504499189514,9,0
14132,78.18458333333332,124.90600342559432,0,275.3946153846154,313.0162345793847,1.1366098576118746,7,1
14135,10.54625000000001,103.94388301190634,1,360.7930769230769,359.4242230842874,0.9962059864051068,8,1
14156,585.8816666666661,2662.6829757129667,0,8721.856923076924,7822.094911727489,0.8968382513855759,12,2
14159,75.1411111111111,185.55830962653823,0,359.8692307692308,392.39980860217764,1.0903955521938116,7,1
14178,33.70833333333335,3.5195727447697047,1,124.68692307692307,166.41921365358306,1.334696610894104,6,1
14180,-43.95125,36.17338654346711,3,356.98230769230764,262.5978733143716,0.7356047278979203,12,0
14188,14.137777777777783,3.2865986623736307,1,155.30076923076925,180.9241411228077,1.1649919187068765,6,1
14189,9.3877777777778,84.52244239311185,2,354.1776923076923,161.77683358842648,0.4567674280510096,12,0
14191,82.27083333333334,128.53512945910995,0,358.4623076923077,407.8847321477365,1.1378734204262595,8,1
14194,103.81166666666657,86.14216696596071,0,862.8269230769231,721.3908381081716,0.8360782664681151,10,0
14201,1.8083333333333298,3.6665682967577915,2,52.926153846153845,55.181631838028245,1.0426155658019407,7,1
14209,-5.903999999999968,34.93890125963809,2,159.01000000000002,187.36254374874397,1.1783066709561911,6,1
14210,-31.831527777777787,42.288956206364986,3,146.2223076923077,165.85147327020474,1.134241935363257,6,1
14217,5.70625,15.968431897566564,2,148.10461538461539,91.21485109485413,0.6158812192177585,12,0
14221,25.41638888888891,217.69209199131583,1,263.6807692307693,280.06405569266764,1.0621330349941447,7,1
14239,-17.574560128029,147.86973768374955,3,178.73076923076923,228.25163714131892,1.2770696289378722,8,1
14243,-14.581111111111111,11.859490194354283,3,195.0676923076923,165.38657065361778,0.8478419398776879,9,1
14258,-85.5186666666666,307.4283299265629,3,973.0830769230769,974.366828418885,1.001319261968739,8,0
14262,55.163333333333334,42.25428744410364,0,201.40230769230766,232.95342288942103,1.1566571682252798,7,1
14282,-6.240833333333328,6.115569662897823,2,286.8723076923077,262.81061591171965,0.916124034508078,9,1
14289,-12.38111111111111,24.97814983403988,3,70.09692307692308,96.61773296386603,1.3783448505698246,6,1
14291,-1.3673611111111093,38.250738778165754,2,297.94615384615383,380.3694108043404,1.2766380968312359,6,1
14292,67.58611111111112,58.690054256952905,0,370.7176923076923,514.5490738364005,1.3879808935833833,6,1
14298,-131.90277777777763,560.5079072352278,3,3912.4953846153844,2819.1334389004937,0.7205461378908763,12,0
14299,45.71777777777777,37.03178509705757,1,219.6423076923077,288.55286162601834,1.3137398921807268,6,1
14309,0.5116666666666593,29.213285831883425,2,178.4369230769231,189.04768214150877,1.0594650416607523,7,1
14312,4.527222222222223,72.2691150594689,2,123.96846153846151,173.32785633235423,1.3981609046473393,6,1
14329,-5.59138888888888,266.8468498759137,2,379.1338461538461,531.577991291627,1.4020852970112345,6,1
14334,-17.53958333333333,44.39681695185359,3,195.34307692307692,165.05765418910525,0.8449629072552307,8,1
14367,56.77569444444443,277.2516388057827,0,705.2169230769231,585.2616238684004,0.8299029769660842,9,0
14388,28.219722222222213,37.719613340322326,1,244.00307692307692,285.4188277597391,1.1697345433464295,7,1
14390,73.36347222222226,30.196491929614588,0,353.26692307692304,608.9891198861795,1.723878121908327,6,1
14395,-6.264027777777771,25.947488426866443,2,267.07,218.74927531308535,0.8190709376309033,9,1
14397,48.25180555555553,17.066738286005393,1,196.66769230769233,200.55829847178458,1.0197826400383307,8,1
14401,50.978888888888896,207.10286524621645,0,310.76769230769236,356.7905566331094,1.1480941084437106,8,1
14404,-5.033333333333332,68.77173032254636,2,110.36307692307693,136.57286037036639,1.2374868858137915,6,1
14408,19.04361111111112,141.35979799481947,1,200.50230769230774,255.35451050627137,1.2735739226410312,6,1
14415,16.562638888888905,171.69219147249848,1,447.04307692307697,320.1231316848934,0.7160901224290231,12,0
14422,73.31041666666665,121.98828039368124,0,327.9723076923077,464.55697329380115,1.4164518235168575,6,1
14462,-1.741111111111105,51.17664009967842,2,151.22307692307692,120.36110774004307,0.7959175953103209,9,1
14466,2.2479166666666615,33.33054803803842,2,174.8,180.83319201223355,1.0345148284452719,7,1
14472,-21.695277777777772,17.059804533553095,3,148.9876923076923,155.846184005996,1.0460339481206233,7,1
14502,-14.508584627975685,265.5746466825259,3,180.8476923076923,242.66453442814995,1.3418171464155768,7,1
14505,1.3676388888888802,145.65733776473343,2,447.59230769230766,588.4722957391997,1.3147506908088742,6,1
14524,4.864027777777779,38.112063729120464,2,143.6676923076923,208.0657245981762,1.4482429644137595,6,1
14525,36.162083333333335,146.45333254625345,1,324.7207692307693,356.35241219102045,1.0974118256592682,8,1
14527,34.560833333333356,55.96370279272229,1,593.1830769230769,206.45469161475503,0.34804548485378956,13,0
14530,6.0600000000000005,114.80352610264408,2,225.07,263.5275258867658,1.1708691779747002,6,1
14534,0.6970833333333425,141.28907371980637,2,313.4884615384616,176.71855537577986,0.5637162991853798,12,0
14541,-24.104166666666664,83.7319946135536,3,112.4346153846154,165.34005537151734,1.4705440562581502,6,1
14543,-24.055138888888894,126.14575836405936,3,224.32076923076923,207.83603876058723,0.926512687493402,9,1
14560,-3.005833333333336,56.16616836432843,2,167.24461538461543,156.9144680293155,0.938233303765604,12,0
14562,70.64777777777779,26.925147522635914,0,362.2476923076923,373.86414524873084,1.0320677072282674,9,1
14572,16.950138888888905,18.728065373568153,1,215.66846153846154,282.7401514007209,1.3109944281319874,6,1
14587,-31.939444444444437,53.584038951104816,3,122.94153846153846,133.26747614266543,1.083990633355848,7,1
14606,-57.62180555555557,36.34534360428328,3,901.0653846153847,328.7767617907168,0.3648755877255828,13,0
14640,23.395833333333325,112.68734485421274,1,157.08846153846156,191.3228956000019,1.217930927111145,6,1
14646,869.3255555555569,4196.040728016689,0,21499.15538461538,12480.315519800648,0.5805025963360151,13,2
14659,-1.6127777777777719,39.364299421999554,2,188.9638461538462,179.97955955878533,0.9524549971969439,9,1
14667,41.26694444444447,39.39203443180845,1,710.0923076923076,740.0837718478658,1.0422360076720532,11,0
14680,-38.283611111111085,122.40846579228788,3,2071.7184615384617,1770.4779544605376,0.8545938974477147,11,0
14688,-23.417083333333327,61.99190717472154,3,392.8753846153847,165.4197798337805,0.4210489796802169,12,0
14696,0.90625,1.357628730153499,2,159.30538461538464,153.73626185860124,0.965041214581484,7,1
14701,-30.637777777777767,55.76955772405882,3,191.2476923076923,262.3954547737011,1.3720189331829502,6,1
14702,17.649999999999995,43.9988195610936,1,250.0492307692308,227.8699804150581,0.9113004655685512,11,0
14709,42.63361111111113,48.77201474923292,1,377.78000000000003,333.0782592474827,0.8816725587576968,9,0
14711,-12.785833333333347,130.91201979974642,3,218.3230769230769,252.7562935380184,1.157716797968515,7,1
14713,6.380972222222213,9.619888152272646,2,204.94307692307694,201.24633244627572,0.9819620914631395,8,1
14730,15.553472222222227,24.685545480554275,1,154.23538461538462,246.3096270149756,1.5969722358406646,6,1
14732,5.29458333333334,19.598944681572576,2,206.64153846153846,184.76096047082717,0.8941133609746916,8,1
14733,-123.1125,481.7931758961322,3,727.0415384615384,1208.7646249363172,1.6625798678492738,9,1
14735,20.256944444444432,20.47398424104845,1,446.74538461538464,325.3979652829077,0.7283745428350686,12,0
14739,38.19194444444442,172.7419615937715,1,299.9307692307692,332.12636627398166,1.1073434283711014,7,1
14755,26.483055555555545,104.49719645759716,1,381.9523076923078,357.43828278818165,0.9358191470232612,10,0
14766,-8.890833333333346,24.62868871044575,2,186.39,236.25540455899275,1.2675326174096935,6,1
14769,-28.20430555555555,94.13678354342292,3,818.5846153846154,1256.5472763663095,1.5350243001768553,8,1
14776,-9.325000000000001,105.96992547845826,2,168.89076923076922,187.28253924937133,1.1088974258473057,7,1
14796,24.114027777777814,50.83411272853644,1,603.0392307692308,242.95408933450574,0.4028827262607707,13,0
14800,-42.91375,114.11985811085066,3,325.8723076923077,365.835842971358,1.1226355671706365,9,1
14810,-10.536111111111117,25.022525849734365,3,160.60615384615386,124.85984846608761,0.7774287938287348,9,1
14825,3.927500000000001,18.66843510247859,2,171.30076923076922,144.24694257080682,0.8420682710215002,10,1
14849,66.40458333333333,194.50423704045073,0,608.0215384615384,374.6541883044984,0.6161857181120203,11,0
14866,390.0536111111113,14.377829085016923,0,1092.1115384615384,1964.8118310661291,1.7990944714621062,6,1
14868,51.83152777777776,54.09574988208209,0,226.12615384615387,288.786635209528,1.2771040868010586,6,1
14878,-8.00597222222222,19.490778143317247,2,114.27230769230769,124.1309146394675,1.086272931266124,7,1
14895,55.94333333333333,92.19671960727884,0,847.7123076923077,720.9784162875919,0.8504989366619929,10,0
14898,4.680833333333334,3.231128642755547,2,94.48615384615385,134.83014614311728,1.426983115035597,6,1
14911,1506.9466666666674,887.0349512182786,0,10197.893846153846,6527.589306470063,0.6400919057352176,13,2
14944,76.27750000000003,146.30217674279413,0,449.4576923076923,693.4869241996546,1.5429414960928145,6,1
14961,36.522499999999965,164.01098050587944,1,538.9676923076923,671.7845408332676,1.2464282190216165,6,1
15005,13.287361111111082,159.1837020486121,1,475.42230769230775,259.5052090727611,0.5458414653119564,12,0
15021,8.555972222222223,3.8704206188543946,2,144.02153846153846,122.58071299122018,0.8511276459107946,8,1
15023,3.176388888888908,67.0382922094801,2,520.243076923077,392.2876961785533,0.754046932250781,9,0
15033,4.134444444444441,23.26967322980175,2,197.77076923076922,203.4816795382137,1.0288764124731735,8,1
15034,-17.001388888888904,116.88919884028545,3,329.0507692307692,415.8161777248359,1.26368395581296,6,1
15039,-218.59055555555554,518.4449913588054,3,1522.0338461538463,888.069628722306,0.5834756112463878,12,0
15044,-20.556111111111118,144.0722819541456,3,586.8753846153847,584.6947511681543,0.9962843330894522,11,0
15046,-0.6652777777777804,125.6506884389676,2,389.5392307692308,345.07110451957425,0.8858442931104924,9,0
15058,10.358888888888893,75.03706903841314,1,163.46076923076922,153.2933951317722,0.9377993010381408,8,1
15059,1.186666666666666,44.08757159248254,2,101.98615384615385,122.44652584825627,1.2006191157376804,6,1
15061,-7.111666666666709,2908.664777709525,2,4171.441538461539,5065.461721026107,1.2143192405602525,12,2
15078,50.12611111111119,130.29630258198526,0,740.2576923076924,318.3793064138499,0.430092533616677,13,0
15093,-49.6436111111111,61.65215330456054,3,339.2415384615384,419.5952023447947,1.2368626915432008,6,1
15114,28.205555555555573,85.79547934334775,1,212.3507692307692,258.5906095053704,1.2177521675202916,8,1
15125,-121.50611111111115,295.4360979870931,3,855.1576923076924,1215.7941184342153,1.4217192096504736,8,1
15129,14.602499999999983,188.8615492947973,1,265.18461538461537,285.4858030216618,1.07655492234194,7,1
15134,20.485000000000007,47.60159733529052,1,106.76846153846154,116.93450223994013,1.0952157646086944,7,1
15140,2.759722222222219,1.1787379168850711,2,180.7692307692308,216.76308393656956,1.1991149324150654,6,1
15144,82.71805555555555,72.92920829292464,0,502.3107692307692,450.83013989863815,0.8975123917590545,9,0
15150,96.79583333333336,226.54510712236788,0,407.99769230769226,591.1296485988197,1.4488553728216143,6,1
15152,110.1816666666667,199.05416539962718,0,360.32615384615383,473.25829734826027,1.3134164486720117,6,1
15159,207.20458333333337,204.54985759329247,0,1428.7446153846154,1225.7279692602772,0.8579055739295391,12,0
15187,77.31777777777778,52.962774731381934,0,359.23692307692306,398.2220739609289,1.1085221155723406,8,1
15189,131.92888888888893,213.22120841009513,0,1215.5492307692307,736.2747420795846,0.605713634168195,12,0
15194,9.900138888888906,195.9575515544456,2,578.5515384615385,503.80129369699836,0.8707976043701948,10,0
15203,20.429333333333325,81.39005039173539,1,140.6,171.6703540704296,1.2209840261054736,6,1
15214,11.958333333333323,20.057959093912526,1,127.80307692307693,185.80301658766717,1.4538227174256506,6,1
15218,43.11194444444447,191.4658667158682,1,442.83769230769235,331.9613873418073,0.7496231533768224,9,0
15220,-0.16666666666665644,24.578765692789418,2,135.30153846153846,177.78815806300457,1.3140143126572326,6,1
15241,-7.1241666666666585,27.72391580513684,2,133.73769230769233,186.18151412684372,1.3921394254246073,7,1
15249,-23.50463627466701,509.68264364830736,3,512.1046153846154,537.3813560315025,1.0493585487955484,8,1
15251,23.391388888888915,386.4818146872959,1,794.3930769230768,924.989340770878,1.1643975352273206,8,0
15260,-4.501666666666667,49.26569792383413,2,136.9823076923077,165.87860833321488,1.210949144657532,6,1
15271,18.15541666666667,46.851365319955406,1,191.21692307692308,136.56273554576882,0.7141770369918155,10,0
15281,-40.51027777777778,7.738067736727851,3,172.30384615384614,249.4850218462844,1.4479364646539867,6,1
15290,88.13541666666661,243.69505043780063,0,600.29,494.8041222376117,0.8242751374129366,12,0
15291,-25.833888888888882,81.4105742925352,3,353.5776923076923,363.52129669740685,1.0281228273334093,7,1
15298,22.25416666666668,50.990815533957665,1,290.31538461538463,252.82058739401825,0.8708480528131838,8,1
15301,12.435972222222231,103.29211028139362,1,386.77846153846156,291.5844908668885,0.7538798559440805,9,0
15304,-3.1270833333333328,10.976130131935694,2,52.33076923076923,56.7750258273152,1.0849262615832687,7,1
15311,-145.94277777777765,1533.0443466928755,3,4570.71846153846,1947.928740272798,0.4261756125791094,13,0
15356,3.8858333333333306,61.84629837322403,2,212.80769230769232,163.33230616108204,0.7675112886658473,9,1
15358,-22.419444444444444,86.2836155159872,3,633.4461538461538,299.40558357459037,0.4726614594731718,13,0
15370,48.47563606770832,294.80857575144967,1,181.58076923076925,222.9028858965842,1.227568793991059,6,1
15373,0.06791666666666736,31.275383811187062,2,170.23923076923077,178.2570196122039,1.0470971867456433,9,1
15410,-19.77722222222221,155.60449903275295,3,265.4492307692308,335.9964685692778,1.2657654633076616,6,1
15443,59.63847222222223,52.628567863182724,0,247.08923076923077,353.8923477900575,1.432245131397797,6,1
15453,27.10277777777777,76.93414370935288,1,106.7976923076923,135.21660284853127,1.2661004177783348,6,1
15465,-69.29791666666664,67.91610526993684,3,534.2323076923077,447.1927805796557,0.837075508426977,10,0
15498,-22.02708333333331,404.25579572343264,3,953.5738461538463,743.5408080208562,0.7797411925881363,11,0
15513,64.38472222222217,102.22847265521585,0,1116.9292307692308,918.0556099120715,0.8219460863064756,10,0
15527,11.449722222222231,37.872155894272076,1,180.67846153846156,222.70443229559345,1.2326008888900446,7,1
15529,7.335833333333342,44.57848126610292,2,305.2138461538462,273.7705426246117,0.8969794328616889,9,1
15544,-3.2195833333333264,39.39064768131814,2,272.50076923076927,306.81940501054635,1.1259395923052022,7,1
15547,7.451666666666662,178.86030475765017,2,381.14153846153846,300.5269075264907,0.7884916158431713,10,0
15555,42.51277777777775,8.353784954489042,1,366.0153846153846,370.168243429376,1.0113461318527779,9,1
15570,-8.754166666666684,152.54810095179448,2,316.1515384615385,423.4817162492803,1.339489658377225,8,1
15581,64.00416666666668,39.96614913485611,0,263.8438461538462,741.4512437278943,2.8101896426098842,6,1
15601,-69.27791666666667,67.51117412672457,3,518.8738461538462,492.5560771719037,0.9492790604555943,10,0
15602,9.82472222222222,37.11499012648476,2,83.35615384615386,121.5715526304339,1.458459238112308,6,1
15606,-42.77416666666665,85.92583388945025,3,186.3569230769231,233.29214933157007,1.2518566280216668,6,1
15611,20.056111111111107,59.67742060615546,1,120.64538461538464,133.6944332308682,1.108160363175796,7,1
15615,8.96652777777779,172.38001971576335,2,796.926153846154,572.1855462834071,0.717990673943758,10,0
15628,34.100694444444436,14.712035953216086,1,220.43384615384613,218.86538231442867,0.9928846505798261,8,1
15632,10.554166666666678,87.13230681614439,1,242.10076923076923,252.9442071703277,1.0447889445953085,7,1
15640,19.917083333333284,268.46796119925324,1,956.4107692307692,805.5195793343732,0.842231816337915,10,0
15660,7.467222222222228,29.024687765181795,2,119.38538461538464,149.83667878812724,1.255067186581049,6,1
15687,-5.6845833333333315,41.479093919940404,2,229.34615384615384,246.75787132120905,1.0759189425375542,7,1
15694,15.007361111111095,63.98605437999302,1,494.123076923077,442.71020582288764,0.8959512852135155,9,0
15708,-16.75722222222222,47.476789791149734,3,256.1323076923077,300.4460035279176,1.1730109576369572,6,1
15719,-4.448055555555542,94.89533606170048,2,387.99692307692305,206.07221830322072,0.5311181765798836,11,0
15727,-15.398749999999977,213.1227491252731,3,398.38153846153847,474.01002800303274,1.1898393430417353,7,1
15738,-15.074444444444453,42.34303947549265,3,368.3669230769231,187.64903354332415,0.5094079348273594,12,0
15750,20.840833333333336,45.466001579992835,1,188.55615384615382,223.00569781728527,1.182701774874128,6,1
15752,18.566527777777758,36.006976484612764,1,202.22538461538463,208.81950206719137,1.0326077631863486,7,1
15769,-235.77277777777786,312.8786456560116,3,3986.4399999999996,3557.962803665416,0.8925163312793911,12,0
15796,7.332638888888872,2.0260424665518726,2,205.12384615384616,217.6811731844864,1.061218270162612,7,1
15804,56.479861111111106,120.78735446894873,0,296.04230769230765,295.3322150605384,0.9976013812441048,8,1
15805,5.709444444444464,79.09192747249769,2,419.3976923076923,449.7467224107706,1.0723633693263448,8,1
15827,1.1334722222222176,26.602034658360363,2,126.26769230769231,94.2074255878879,0.7460928751142522,10,1
15838,516.1180555555558,867.0823851616391,0,2565.4430769230767,3152.83592150354,1.2289635072647827,10,0
15845,7.010277777777762,118.201064804254,2,280.8361538461538,318.9230574276096,1.1356196595767378,7,1
15854,-16.659305555555566,75.13275482225443,3,228.81923076923073,190.1024631377133,0.830797579812843,9,1
15856,48.319305555555594,692.2838725905257,1,1244.1284615384616,1008.6329620154711,0.810714482625225,11,0
15860,5.222777777777779,14.23638053499073,2,75.17,101.88517368423469,1.355396749823529,6,1
15867,3.5615277777777767,30.856585163070214,2,292.1376923076923,154.94642289911297,0.5303883304997035,12,0
15874,0.36999999999997957,12.466886909172672,2,333.1284615384615,640.0657644186019,1.9213782018583327,6,1
15910,1.7856944444444411,18.492317790191088,2,94.7830769230769,85.33009320521252,0.9002671782270147,8,1
15916,1.4223611111111094,1.7403718655185456,2,114.71076923076923,167.99991222525182,1.4645522242752835,6,1
15932,-13.83583333333334,38.48509961105236,3,189.3730769230769,156.1267789535487,0.8244402081345872,8,1
15939,-103.45722222222214,162.94872963019188,3,469.4046153846154,624.037948921049,1.3294243994804607,9,1
15953,3.4713888888888933,29.09957229166624,2,125.73307692307691,158.77438481404022,1.2627893049271186,6,1
15955,49.853055555555564,82.1344580485517,1,337.67769230769227,364.22220370157385,1.0786090168186004,7,1
15971,35.48750012333927,425.97327336151034,1,323.06538461538463,483.9554720325584,1.4980109138238888,8,1
15974,-4.821944444444436,133.50524321689346,2,263.8115384615384,293.03787445329067,1.110784904110679,7,1
15981,-7.631111111111103,121.70122304215738,2,262.1907692307692,238.0068397638164,0.9077620865986051,8,1
15984,26.434861111111104,117.55622582619338,1,216.69000000000003,322.727606555952,1.4893516385433196,8,1
15996,-7.20180555555556,1.8013888870984787,2,80.36769230769231,97.89970413249864,1.2181475083007736,6,1
16011,28.00694444444445,5.863181073635337,1,258.67,200.8292294463134,0.7763916551834902,11,0
16013,258.8930555555556,111.59458546773561,0,2566.6346153846152,1636.0462394780461,0.6374285726809156,13,0
16016,-0.5068055555555525,71.33028497743221,2,114.10076923076923,156.4143199679161,1.370843693889281,6,1
16019,-34.75583333333333,16.211113233395803,3,265.4030769230769,402.3403731374845,1.5159597160740408,7,1
16029,383.12916666666695,720.1839057079505,0,3922.5084615384617,4773.954467618793,1.2170667098437267,11,0
16033,45.39027777777777,72.28575606535415,1,671.3546153846154,342.43654554811036,0.5100680589675105,13,0
16059,-2.222638888888894,67.80516523070064,2,112.29692307692306,154.04321809071502,1.3717492329259624,6,1
16076,41.170555555555566,22.3239093953128,1,167.1946153846154,183.86269150353226,1.0996926610379978,7,1
16098,-0.32194444444443954,0.9374433315462563,2,154.27923076923076,166.8025797393203,1.081173265563022,7,1
16107,74.2016666666667,147.7998672724833,0,246.4738461538462,310.8572498092563,1.2612179939579582,6,1
16115,13.844722222222218,40.981250493867776,1,128.3053846153846,120.90075624352566,0.9422890286790732,8,1
16133,19.04388888888889,62.35939605469194,1,1100.4353846153847,1126.1968932918685,1.0234102874522595,11,0
16145,21.883194444444452,3.978587157109791,1,287.8446153846154,191.07292362757667,0.6638057945682491,10,0
16156,21.602083333333344,43.767232229187876,1,232.66307692307694,212.2893117259485,0.9124323228826531,8,1
16161,22.676111111111123,29.36582838583314,1,411.76692307692304,276.5579441209568,0.6716371049291213,11,0
16168,35.03833333333336,1.5531605493074252,1,290.04615384615386,242.09608838016024,0.8346812573442113,11,0
16186,49.06166666666666,36.41606787929644,1,307.0723076923077,306.03144852432644,0.9966103776149551,8,1
16187,22.249444444444432,252.6603923585792,1,526.2492307692308,566.7031293287744,1.076872128630784,8,1
16191,0.07305555555555168,120.9606982802555,2,377.9476923076923,453.01238728747524,1.1986113330166115,7,1
16210,44.45833333333337,1469.961066882167,1,1622.023076923077,2303.933490874482,1.4204073441698288,9,0
16218,-3.8108333333333313,73.625357039132,2,234.98999999999998,322.5940662297847,1.3727991243448008,6,1
16241,25.137638888888883,9.705866682680687,1,200.6053846153846,186.43502481272955,0.9293620167283969,10,1
16242,58.1726388888889,49.71084483126961,0,276.7892307692308,426.1477545887408,1.5396110369049567,6,1
16255,18.696805555555557,51.89913710520446,1,200.71538461538464,233.72620512098425,1.1644658209377208,7,1
16265,3.915972222222218,116.59936798778077,2,417.1653846153846,491.3921506566044,1.1779312684576044,7,1
16293,4.680833333333337,52.00314339198842,2,172.05692307692306,197.67831344487502,1.148912289664143,6,1
16316,-28.21472222222221,58.151995066657086,3,211.96615384615387,332.6073890374471,1.5691532964213488,6,1
16326,41.38694444444443,66.87742915258747,1,237.38153846153844,217.45511252693635,0.9160573898722514,9,1
16327,-22.97944444444443,74.27435626866402,3,295.70923076923077,335.86199845724184,1.1357846272960819,6,1
16332,42.4716145833244,42.47902613145429,1,121.78461538461536,155.46217769473623,1.276533798655616,6,1
16333,-8.9222222222221,214.55803588289223,2,2048.2153846153847,2295.306540953428,1.1206372914655371,9,0
16353,64.5319444444445,153.0972541460137,0,513.5161538461539,470.12416741995696,0.9155002503792765,11,0
16359,-8.492638888888886,40.619308615859495,2,112.33615384615385,87.36606726283586,0.7777199438613954,9,1
16393,32.22125000000002,39.828860836301246,1,226.2346153846154,183.51487172321958,0.8111706133530047,10,0
16401,7.824722222222232,42.58156055985057,2,312.4030769230768,236.54630097807544,0.7571830063515039,10,0
16407,17.827331607839714,28.93702790811197,1,163.61,160.92892214680782,0.9836129952130542,8,1
16422,-107.39916666666657,991.0551055071585,3,2600.4376923076925,1136.5080832323913,0.43704492001260986,12,0
16434,15.826999999999943,137.55510936012794,1,117.09615384615384,154.2255261264307,1.3170844734068643,6,1
16458,22.912222222222244,56.46847997124721,1,267.9030769230769,162.21182136251227,0.6054869665012775,12,0
16466,21.01527777777779,55.128878997469535,1,123.34307692307692,162.4714342268929,1.3172318891332542,6,1
16477,-9.398888888888903,75.49469670026261,2,191.88153846153847,228.08966003329166,1.1887003922423256,6,1
16523,80.14611111111105,4.1630249723401125,0,715.0515384615385,550.054086777627,0.769250966106709,11,0
16525,-66.89972222222222,239.92447585425873,3,915.0438461538462,664.576890855358,0.7262787391541266,11,0
16531,8.926111111111117,12.871818052384958,2,95.7376923076923,122.22964780512174,1.2767139551712474,6,1
16553,-107.5926388888889,51.599598999266505,3,435.7361538461539,557.8488354614008,1.2802445483060867,6,1
16556,-7.051249999999991,80.43014169578497,2,254.90692307692308,273.035510766903,1.071118459519082,7,1
16558,36.26930555555555,117.48688830167065,1,635.156923076923,379.84877189009086,0.5980392531186941,13,0
16570,10.858194444444464,106.3346408574475,1,278.6884615384615,321.8341325601889,1.1548168545749888,7,1
16592,27.44972222222224,25.219444419378725,1,313.3292307692308,319.89655537536765,1.0209598210483393,8,1
16607,10.40166666666666,49.898056147480645,1,233.74384615384616,192.13285440628755,0.8219803753884884,10,0
16626,44.975138888888914,180.0099209142358,1,336.8961538461539,336.1492282092004,0.9977829202606611,8,1
16633,47.980833333333344,70.94615509157674,1,221.39615384615382,274.0915125628197,1.2380138850708462,6,1
16638,-19.514166666666664,9.818193472407396,3,128.95923076923077,178.878112107171,1.3870904086522413,7,1
16656,48.72111111111105,59.45831402866393,1,659.0953846153848,494.0572355104785,0.7495989913490074,11,0
16668,-0.3500000000000002,20.56828327439926,2,23.59384615384615,29.61145542366488,1.2550499494902303,6,1
16670,-4.980972222222222,106.17932480251669,2,309.42,271.8809032156053,0.878679152012169,8,1
16672,-13.120555555555553,380.37179202636,3,622.5838461538461,541.5274504205436,0.8698064586255378,9,0
16678,8.987777777777778,44.922395387735314,2,231.83307692307693,209.6378851092448,0.9042621867922817,8,1
16684,430.8341666666667,1349.7325728608716,0,5068.621538461539,5333.022212044884,1.0521642169526821,9,0
16686,22.307083333333342,49.92717790778024,1,234.1138461538461,273.87908894067533,1.169854297129858,7,1
16700,-32.92263888888887,20.95241316025468,3,387.69230769230774,170.13253314959323,0.43883391486998247,12,0
16701,22.111944444444415,48.691583220786484,1,396.1746153846153,299.55500156107627,0.7561186151976483,10,0
16705,33.742222222222296,187.35553826216545,1,1072.779230769231,936.8394710626927,0.8732826328031507,9,0
16710,-14.715416666666673,72.80024049731242,3,191.0030769230769,250.06997212062518,1.3092457783878342,6,1
16712,23.414166666666677,109.21492162611844,1,280.41769230769233,366.0135641647234,1.3052441918076616,6,1
16713,43.859583333333326,44.604829525421586,1,526.1715384615385,451.38648175826285,0.8578694375565465,10,0
16719,1.8284722222222236,59.731503875283124,2,136.45538461538462,148.97260322037877,1.0917312177916276,7,1
16722,24.99236111111109,30.185397925691056,1,362.40076923076924,270.8504236493376,0.7473781698207868,10,0
16729,20.968333333333344,181.15399006885949,1,544.3292307692308,562.4217470081436,1.033238186039256,8,0
16743,7.874444444444452,59.669100103212706,2,168.60307692307694,194.72038171801702,1.1549040816547838,6,1
16745,-29.386388888888884,291.92484574526605,3,551.5923076923077,530.190114363924,0.9611992534523842,8,0
16746,23.522499999999987,105.6093703509405,1,514.9469230769231,315.39130011739957,0.6124734142168788,11,0
16764,73.84138888888887,27.723915805136926,0,212.17307692307693,308.42111318197766,1.4536298273781236,6,1
16767,-3.241666666666655,110.71261215580772,2,429.2769230769231,514.6284424609114,1.1988262466386854,8,1
16775,8.712777777777786,0.4437601569449684,2,130.43538461538463,87.1820802129452,0.6683928634091075,10,1
16779,44.98902777777777,120.1383552394169,1,804.1576923076924,564.8366570102937,0.7023953913683039,12,0
16782,-3.416805555555559,77.5595681805472,2,172.48076923076923,191.10159621091336,1.1079588586205258,8,1
16791,15.388333333333337,4.469132917254543e-14,1,131.25230769230768,172.1963903586951,1.3119494307282724,6,1
16794,24.606111111111108,59.638591592422756,1,92.42384615384616,106.15368689926738,1.1485530122017096,7,1
16813,26.362499999999994,50.724559439790696,1,130.22923076923078,142.34607701312194,1.093042446556123,7,1
16814,-55.475694444444464,42.158601660262384,3,500.04615384615374,382.2406480769774,0.7644107351630168,12,0
16817,-11.502638888888885,39.54596373624891,3,111.30384615384615,116.77024867508429,1.049112431511867,7,1
16818,40.60444444444443,129.50308130144612,1,255.22846153846154,358.4608956089482,1.4044706983234707,6,1
16839,26.76499999999997,113.67471120341543,1,1181.3676923076923,831.7762629372742,0.7040790672990864,11,0
16843,17.37500000000003,526.9707333741112,1,783.3707692307692,744.2378757433846,0.9500455020477582,8,0
16873,22.94138888888889,552.7615189955565,1,543.5623076923076,764.7816063442975,1.4069805715395827,6,1
16899,14.331805555555558,66.85940139621167,1,98.58153846153846,132.09947620676837,1.3400021775710766,6,1
16904,10.813888888888895,121.92587662161085,1,288.79,260.37514589530235,0.9016072090283678,11,0
16905,38.09361111111111,81.69347139258772,1,237.34461538461534,363.48284034727567,1.5314560212720822,6,1
16912,-19.82666666666666,271.6727416042493,3,194.51307692307694,270.0373486632487,1.3882734926353508,6,1
16915,6.838888888888888,11.620969109996325,2,47.821538461538466,62.33548385499144,1.3035022682326738,6,1
16923,23.890972222222217,140.24901085196652,1,512.8330769230769,438.3248347474852,0.8547124873016574,10,0
16928,15.618194444444457,124.45392276570662,1,213.96153846153842,255.75059986394794,1.195311090502004,9,1
16931,16.399444444444452,56.529496992827006,1,354.17076923076917,184.94226867059254,0.5221838862429908,13,0
16945,17.166249999999994,49.96600692151293,1,334.2692307692308,240.05230487199861,0.7181405967865566,10,0
16949,-4.284722222222222,61.56617477415246,2,89.32846153846154,123.34507204357982,1.3808037205529615,6,1
16954,5.137777777777785,100.94434170105656,2,160.39076923076922,200.47365040745956,1.2499076559637876,6,1
16966,-18.87194444444445,36.959674071553955,3,165.26692307692306,241.68992040024528,1.4624216140803403,6,1
16983,14.346805555555548,50.237810017641706,1,147.7076923076923,215.2886031645988,1.4575314244035957,6,1
16985,2.8488888888889092,129.42819677496166,2,420.12461538461537,469.6149143112788,1.1177990936840396,7,1
17001,-0.7672222222222448,1.5614810522500975,2,306.89,143.90059549332426,0.4688995910369327,11,0
17017,-9.582500000000021,151.22791448488326,2,659.5469230769231,662.1852160131712,1.0040001595700574,10,0
17049,62.828611111111094,46.96923911164391,0,430.36769230769227,425.36258543259004,0.9883701612259411,8,1
17061,-50.667500000000075,186.35153090707755,3,393.5484615384615,588.2610360183954,1.4947613661574553,6,1
17068,-8.469027777777773,45.49234983931144,2,348.5646153846154,218.3483291522739,0.6264213850603928,11,0
17071,16.375138888888873,70.6313627302438,1,183.49846153846153,160.47459522959568,0.8745282869631035,8,1
17090,18.39805555555555,39.55567098968205,1,157.0653846153846,253.8481518091536,1.616194124700148,6,1
17091,10.719583333333345,63.392525170079146,1,292.5238461538462,299.13312369630296,1.0225939786768043,7,1
17114,-4.405694444444442,12.604175207727547,2,57.47846153846154,59.6100353472682,1.0370847401227037,7,1
17139,9.133333333333365,242.78395536557272,2,814.2746153846155,807.049533420093,0.991126971382855,8,0
17162,-7.475833333333329,93.66667512715905,2,131.32384615384615,158.32380125018378,1.2055982663248161,6,1
17211,0.1609722222222196,49.61931929889969,2,176.89769230769232,248.47020804494338,1.4045983574096559,6,1
17218,8.67652777777777,99.14849981591989,2,150.82461538461538,214.77103407331975,1.423978662406237,6,1
17220,11.873333333333346,44.02932807188341,1,246.01923076923077,177.3354474558287,0.7208194534278974,9,0
17227,4.7373611111111105,10.116344827854816,2,72.25538461538461,88.01389062863738,1.2180945558194076,6,1
17228,19.69180555555556,49.36138370767543,1,146.6223076923077,183.24431319751992,1.2497710347191155,6,1
17231,5.943472222222226,73.64615829648876,2,240.60153846153844,237.14106233935087,0.9856173981915716,9,1
17236,-7.841111111111112,19.628066441872104,2,70.47153846153846,84.22257465056046,1.1951289341657692,6,1
17238,19.379722222222224,88.94340295667605,1,288.05000000000007,217.67549705161275,0.7556865025225228,10,0
17243,69.09124999999999,128.22311059875796,0,663.7346153846154,636.4600253827858,0.9589073865222101,12,0
17287,4.855000000000006,30.882933422388838,2,81.8546153846154,94.59591513514953,1.155657682717899,6,1
17288,4.419722222222227,18.521439550490577,2,109.21000000000001,209.08718659927487,1.9145425015957775,6,1
17293,28.122638888888897,74.9219687477055,1,144.23923076923074,132.1814378963967,0.9164042070348711,8,1
17306,31.661388888888904,305.9726282135552,1,661.5946153846154,492.8042533740854,0.7448734344483678,10,0
17314,12.35027777777778,143.4038682177472,1,193.44307692307692,224.93442064242544,1.1627938524358312,7,1
17315,20.251111111111104,39.31714990532405,1,477.2661538461538,235.2471324847716,0.4929055425132938,13,0
17323,5.249444444444448,37.544882778525185,2,69.9223076923077,82.25411075379415,1.176364360223241,6,1
17338,-8.069999999999974,106.44696764717409,2,508.62923076923073,493.02050350300743,0.969312170197892,8,0
17340,80.31902777777779,574.5820379628349,0,914.7061538461538,1403.170675550783,1.5340125018846051,7,1
17346,20.989583333333325,33.444261578255585,1,200.89076923076922,208.82235889472895,1.0394821011155992,9,1
17364,-1.2034722222222316,96.03385821436237,2,342.7484615384616,396.68357408321793,1.157360626223275,7,1
17365,14.815555555555573,131.4140234772905,1,369.3507692307693,397.11739398783874,1.075176842909784,7,1
17377,34.795833333333334,47.69589636864135,1,301.99384615384616,327.2012269368414,1.0834698491510113,8,1
17381,-173.05250000000004,399.96657645646127,3,1559.417692307692,1105.6564407336925,0.709018787068842,13,0
17389,513.8880555555555,579.1097783141639,0,2407.6984615384617,3532.831773579674,1.4673065709907374,11,0
17402,21.493194444444452,1.2633296968027152,1,202.60384615384615,189.67830747252313,0.9362028958151758,9,1
17404,184.79805555555552,366.9757822885838,0,2330.8323076923075,2222.695826386485,0.9536060655462231,9,0
17412,-0.8583333333333255,87.94216910256898,2,96.77384615384616,133.6488077973052,1.3810426381611112,6,1
17416,-25.150555555555552,260.0822809834839,3,526.0261538461538,678.3590557924623,1.2895918783362645,6,1
17419,8.833472222222222,51.90191060618533,2,323.1515384615384,333.23852583012655,1.031214418525161,8,1
17422,10.34027777777778,104.01738078790042,1,142.54846153846154,164.02982685303274,1.1506951746987129,6,1
17428,44.74347222222217,176.7676982675566,1,1313.726923076923,938.3873796162632,0.7142940919703733,13,0
17442,10.475555555555546,72.85432376644006,1,170.02,205.1075482521304,1.2063730634756522,6,1
17449,-0.312083333333332,153.92237068783348,2,192.68153846153848,250.6155044700332,1.300672116649406,6,1
17450,2045.8502777777776,849.878358577075,0,14421.705384615385,18809.740820104627,1.3042660572008535,12,2
17491,26.929166666666667,69.37912703736491,1,272.4553846153846,275.229313894656,1.0101812239210732,8,1
17511,344.6866666666666,725.4091815559767,0,6778.875384615385,2136.577463252134,0.31518169932745527,13,0
17512,9.030555555555548,6.011953422720187e-14,2,224.61846153846153,245.43048713251287,1.0926550090829807,7,1
17519,-2.7098611111111106,9.797392215050598,2,141.46692307692308,162.91088404322036,1.151582861208037,6,1
17530,-8.56402777777778,71.61872907944645,2,183.46153846153842,169.64686193414414,0.9246998763705971,8,1
17562,22.841111111111115,79.07251296563146,1,85.18307692307692,106.98421716812683,1.255932763085525,6,1
17567,9.288749999999995,129.79291215395082,2,308.65846153846155,300.79545026053154,0.9745252042055221,8,1
17576,11.625972222222234,0.7668730212204425,1,265.98307692307696,128.67641925806345,0.4837767152204086,13,0
17581,81.59611111111109,123.98936135140484,0,825.8546153846154,637.8956792012232,0.7724067497087773,10,0
17591,-23.85888888888889,56.38527494181998,3,170.38615384615383,180.5857848566927,1.0598618536794273,7,1
17596,27.457500000000003,95.86328790403662,1,217.53307692307695,270.5250055412197,1.243604004355078,6,1
17602,82.5645833333333,150.9741391451304,0,388.52076923076925,508.33451437777893,1.3083844021626654,6,1
17611,-6.495694444444463,45.05968368629016,2,303.6823076923077,204.2421481621691,0.6725520156712855,12,0
17612,20.208888888888897,5.1715777568716896e-14,1,153.28923076923076,173.25778051127259,1.1302671403714164,6,1
17613,-23.252777777777776,85.52090274623808,3,346.8746153846153,313.91750613856567,0.9049884085363044,9,0
17629,13.12222222222222,49.95352616709883,1,137.23999999999998,179.72289744678238,1.3095518613143573,8,1
17634,-7.769599929007933,210.74264878161395,2,181.69000000000003,235.63160682160898,1.2968881436601296,8,1
17644,24.79638888888891,41.57200620280076,1,212.99846153846158,218.9563918472563,1.02797170583187,8,1
17652,48.88333333333333,475.05911551449276,1,364.3946153846154,519.7881349263914,1.426442963153447,7,1
17655,-5.411388888888888,84.43923736368461,2,197.82615384615383,244.01174468108638,1.2334655450605907,6,1
17659,26.646388888888904,36.3023543390793,1,227.2884615384615,324.00533019911245,1.4255247627002159,7,1
17663,28.344762671503172,186.86488908674355,1,137.55923076923077,174.1905642039554,1.2662949860208024,6,1
17669,-7.472222222222229,125.83928650566925,2,262.05538461538464,346.48034077504275,1.3221645541974554,6,1
17675,108.51666666666672,48.31993408934581,0,1546.0076923076922,794.1423440852597,0.5136729577974225,13,0
17677,88.72722222222227,22.986776129749302,0,1247.6323076923077,654.3317124129251,0.5244587755371729,13,0
17682,12.646111111111102,58.45153317259504,1,189.17923076923077,221.92599331239302,1.1730991420675994,6,1
17685,11.044444444444435,64.20932120895593,1,245.5023076923077,366.03726796037785,1.4909728197713672,6,1
17690,-2.884166666666673,162.99310564588663,2,365.2653846153846,358.525393722104,0.9815476878533737,9,0
17696,27.16861111111112,68.00624405181631,1,169.31153846153845,232.9502565944839,1.3758675794408537,6,1
17705,26.597777777777786,30.231160691875917,1,137.00923076923075,138.40695589826996,1.0102016858367262,8,1
17706,144.6131944444444,648.3765785618019,0,776.7207692307692,1041.2935703926275,1.3406279471886402,7,1
17716,39.64527777777774,325.9751172878495,1,423.52230769230766,516.1361553594467,1.2186752527199198,6,1
17719,39.51361111111111,170.31792173645957,1,412.90769230769234,455.72379162444884,1.1036941188415803,8,1
17725,17.842777777777794,81.96527448871653,1,259.3176923076923,207.0012773371961,0.7982535842235539,9,1
17730,31.97166666666667,165.5419530473393,1,406.83307692307693,298.06968828291974,0.7326584419763835,10,0
17735,29.12416666666667,313.38619633551724,1,1008.4630769230771,558.316013806766,0.5536305954901638,13,0
17739,23.051111111111094,51.40129367913182,1,214.31153846153848,261.939854128327,1.2222386905002605,6,1
17750,39.3863888888889,73.86942512545173,1,138.27461538461537,167.3858252966971,1.210531845133743,7,1
17757,15.362638888888856,6.078127399655675,1,429.6530769230769,280.0409884101676,0.6517839704899979,13,0
17758,37.41777777777779,6.448306447600994e-14,1,265.9,309.6477965904704,1.1645272530668314,6,1
17769,43.52750000000002,173.0997432203083,1,304.6638461538462,419.34967784532085,1.3764340046884387,6,1
17790,10.31402777777777,55.4076158460506,1,151.19615384615383,145.92706029260313,0.9651506111794871,8,1
17799,-9.307500000000015,178.66615968898677,2,232.77538461538458,288.43679456729575,1.2391206872834972,7,1
17800,13.59194444444445,3.223149283802999e-14,1,92.23153846153846,82.57646212714552,0.8953169762161214,8,1
17809,-3.8047222222222183,148.88430615601771,2,355.97076923076924,694.9734380710956,1.9523328827613855,8,1
17811,-15.49861111111113,30.37538274288298,3,590.593076923077,546.7408995948114,0.9257489140293846,12,0
17819,-58.29888888888888,30.339327230131172,3,281.6207692307692,382.02152606150213,1.3565104843118345,6,1
17841,401.12472222222203,175.8510561933672,0,3103.136923076923,1638.745635597466,0.5280932412007665,13,0
17848,0.7930555555555568,26.6006479078699,2,69.32307692307694,66.80534489402967,0.9636811846675384,8,1
17857,211.42694444444447,334.7920769061494,0,2058.7184615384617,2182.2203809951848,1.0599897080460585,11,0
17858,-4.771527777777768,187.4567710479684,2,396.58923076923077,429.34736854248797,1.0825996654264136,9,1
17863,16.90444444444445,53.3510648687088,1,243.07692307692307,319.0853590965019,1.3126929329919383,6,1
17865,73.06097222222228,149.74547821058877,0,781.4261538461537,580.609271893736,0.7430123358886779,10,0
17870,35.204027777777775,81.9999432509778,1,145.33846153846153,169.08669437333788,1.1633995061148472,7,1
17888,5.0815277777777785,4.081206693403249,2,40.44461538461538,70.23454012751188,1.7365609602070342,7,1
17920,32.759444444444426,170.15151167760516,1,323.3923076923077,278.6810862244346,0.8617430891076923,10,0
17937,-40.4708333333333,348.6540348087187,3,330.86307692307696,593.568175126562,1.7939994412388358,6,1
17940,-25.280000000000005,59.76894613852533,3,152.58307692307693,286.179346080525,1.8755641310392448,6,1
17949,400.7105555555555,5096.1139073462,0,4057.756923076923,5916.012566004495,1.457951444148727,12,2
17954,-15.485972222222228,75.44061343113498,3,176.56692307692308,149.4241258624041,0.8462747340129275,9,1
17961,-7.264583333333334,52.922558967158736,2,99.72615384615385,151.73259441851758,1.5214924928579252,11,1
17965,-2.754166666666671,17.10140704826668,2,201.73615384615385,193.65955086777336,0.9599645238377064,9,1
17975,-18.541249999999998,86.18515623116502,3,337.96999999999997,248.42036121595726,0.7350367228332612,10,0
18041,-23.450972222222212,58.83843655943137,3,320.08769230769235,235.2538749646803,0.7349669500523519,11,0
18044,0.7940277777777728,22.11728357223533,2,160.4346153846154,162.21338203199022,1.0110871749410844,8,1
18055,14.857083333333305,362.619998998071,1,519.3953846153846,595.9978870294674,1.1474839875036769,7,1
18061,-5.750000000000003,15.207105878307846,2,163.03153846153847,123.40552113838304,0.7569426278063137,10,1
18065,-5.832916666666667,34.262444367622855,2,183.08307692307693,214.4753315412838,1.1714645348209678,6,1
18075,-2.2569444444444358,52.15013894397646,2,195.28615384615387,175.19136415828555,0.8971007964870927,9,1
18077,19.745972222222214,25.500954768940716,1,202.53923076923078,189.8550028513663,0.9373739701207977,8,1
18092,42.9133333333333,286.6246853707549,1,697.3661538461539,834.11244083695,1.1960896528123786,8,0
18102,2602.3829166666665,6184.731070108199,0,19726.03769230769,18183.876273696962,0.9218210244416137,12,2
18109,54.96722222222224,67.77604347040115,0,609.64,293.12179138258097,0.48081128433597037,13,0
18118,-35.148194444444464,83.60580031892243,3,430.4438461538461,296.1087766215444,0.6879149958057743,11,0
18144,-5.200694444444457,101.87762478113137,2,222.21153846153842,155.46392689013928,0.6996213066453695,10,0
18172,3.255555555555535,12.439151899363617,2,576.166923076923,661.2812811301079,1.1477251724181698,8,1
18198,-56.59819444444447,125.70199820711431,3,391.0046153846154,293.70938923861985,0.7511660417351079,11,0
18219,0.000694444444454328,13.10340538429065,2,155.3669230769231,163.08266550968435,1.0496614226500525,8,1
18223,14.834305555555533,46.99004036900066,1,485.786923076923,476.1361653523184,0.9801337638661046,10,0
18225,57.11777777777781,45.55198011040089,0,412.38615384615383,348.3047177529675,0.8446081773223338,9,0
18226,10.75944444444441,107.45097500226213,1,399.3923076923077,354.1277584938767,0.886666447183297,9,0
18229,31.237777777777797,120.63065166352781,1,559.7615384615384,308.92070400687385,0.5518791177684674,12,0
18230,-1.6522222222222271,119.116320127953,2,208.9692307692308,257.42730373387417,1.231890947706826,6,1
18236,12.626111111111106,50.28357278382664,1,67.86461538461539,78.6427387637054,1.1588180131576102,6,1
18241,33.4563888888889,33.836711967053795,1,158.3146153846154,192.00708162354258,1.212819682864235,7,1
18260,-57.01444444444444,86.4722135826888,3,199.6153846153846,236.5478414477497,1.1850180881775516,6,1
18283,17.03472222222222,56.44906546438079,1,161.1446153846154,172.52844802212496,1.070643580676518,10,1
